id,name,email,phone_number,address
1,John Doe,johndoe_1@example.com,555-123-4567,123 Elm Street
2,Jane Smith,janesmith_2@example.com,555-234-5678,456 Oak Street
3,Michael Johnson,michaelj_3@example.com,555-345-6789,789 Pine Street
4,Emily Williams,emilyw_4@example.com,555-456-7890,101 Maple Avenue
5,Christopher Brown,chrisb_5@example.com,555-567-8901,202 Birch Lane
6,Emma Jones,emmaj_6@example.com,555-678-9012,303 Cedar Road
7,Matthew Taylor,matthewt_7@example.com,555-789-0123,404 Spruce Street
8,Olivia Anderson,oliviaa_8@example.com,555-890-1234,505 Aspen Way
9,Ethan Thomas,ethant_9@example.com,555-901-2345,606 Elm Drive
10,Sophia Martinez,sophiam_10@example.com,555-012-3456,707 Oak Grove
11,James Jackson,james_11@example.com,555-123-4567,123 Main St
12,Isabella White,isabella_12@example.com,555-234-5678,456 Elm St
13,David Harris,david_13@example.com,555-345-6789,789 Oak St
14,Ava Martin,ava_14@example.com,555-456-7890,101 Pine St
15,Joseph Garcia,joseph_15@example.com,555-567-8901,202 Maple St
16,Mia Martinez,mia_16@example.com,555-678-9012,303 Cedar St
17,William Brown,william_17@example.com,555-789-0123,404 Birch St
18,Charlotte Davis,charlotte_18@example.com,555-890-1234,505 Walnut St
19,Andrew Clark,andrew_19@example.com,555-901-2345,606 Spruce St
20,Amelia Rodriguez,amelia_20@example.com,555-012-3456,707 Willow St
21,Alexander Wilson,alexander_21@example.com,555-123-4567,808 Ash St
22,Samantha Lee,samantha_22@example.com,555-234-5678,909 Chestnut St
23,Daniel Gonzalez,daniel_23@example.com,555-345-6789,1010 Pine St
24,Elizabeth Perez,elizabeth_24@example.com,555-456-7890,1111 Oak St
25,Matthew Walker,matthew_25@example.com,555-567-8901,1212 Maple St
26,Lily Turner,lily_26@example.com,555-678-9012,1313 Cedar St
27,Christopher Hill,christopher_27@example.com,555-789-0123,1414 Birch St
28,Avery Scott,avery_28@example.com,555-890-1234,1515 Walnut St
29,Emma Green,emma_29@example.com,555-901-2345,1616 Spruce St
30,Daniel Adams,daniel_30@example.com,555-012-3456,1717 Willow St
31,Ella Evans,ella_31@example.com,555-123-4567,1818 Ash St
32,David Hall,david_32@example.com,555-234-5678,1919 Chestnut St
33,Sophia Moore,sophia_33@example.com,555-345-6789,2020 Pine St
34,Joseph Allen,joseph_34@example.com,555-456-7890,2121 Oak St
35,Abigail Rodriguez,abigail_35@example.com,555-567-8901,2222 Maple St
36,Jackson King,jackson_36@example.com,555-678-9012,2323 Cedar St
37,Madison Hill,madison_37@example.com,555-789-0123,2424 Birch St
38,Aiden King,aiden_38@example.com,555-890-1234,2525 Walnut St
39,Chloe Lewis,chloe_39@example.com,555-901-2345,2626 Spruce St
40,Samuel Young,samuel_40@example.com,555-012-3456,2727 Willow St
41,Victoria Harris,victoria_41@example.com,555-123-4567,2828 Ash St
42,Anthony Turner,anthony_42@example.com,555-234-5678,2929 Chestnut St
43,Grace Martinez,grace_43@example.com,555-345-6789,3030 Pine St
44,Dylan Nelson,dylan_44@example.com,555-456-7890,3131 Oak St
45,Hannah Carter,hannah_45@example.com,555-567-8901,3232 Maple St
46,Nicholas Thompson,nicholas_46@example.com,555-678-9012,3333 Cedar St
47,Natalie Rivera,natalie_47@example.com,555-789-0123,3434 Birch St
48,Brandon Allen,brandon_48@example.com,555-890-1234,3535 Walnut St
49,Zoe Hall,zoe_49@example.com,555-901-2345,3636 Spruce St
50,Alexander Perez,alexander_50@example.com,555-012-3456,3737 Willow St


